INSTRUMENTO_ID,TIPO_IDENTIFICADOR,VALOR,DT_INICIO,DT_FIM,FONTE
1001,ISIN,BRPETRACNOR9,2010-01-01,,B3
1002,ISIN,BRPETRACNPR6,2010-01-01,,B3
2001,ISIN,BRTAEECDAM10,2024-01-02,,B3_COTAHIST_2024_2025
3001,ISIN,BRELETACNOR6,2024-01-02,2025-11-10,B3_COTAHIST_2024_2025
3001,ISIN,BRAXIAACNOR0,2025-11-10,,B3_COTAHIST_2024_2025
4001,ISIN,BRMGLUACNOR2,2024-01-02,,B3_COTAHIST_2024_2025
5002,ISIN,BRNTCOACNOR5,2024-01-02,2025-07-02,B3_COTAHIST_2024_2025
5003,ISIN,BRNATUACNOR6,2025-07-02,,B3
5004,ISIN,BRPATIACNOR6,2024-01-02,,B3_COTAHIST_2024_2025
5005,ISIN,BRPATIACNPR3,2024-01-05,,B3_COTAHIST_2024_2025
5006,ISIN,BRBIEDACNOR2,2024-11-26,,B3_COTAHIST_2024_2025
5007,ISIN,BRBBDCACNOR1,2024-01-02,,B3_COTAHIST_2024_2025
5008,ISIN,BRBBDCACNPR8,2024-01-02,,B3_COTAHIST_2024_2025
5009,ISIN,BRBBASACNOR3,2024-01-02,,B3_COTAHIST_2024_2025
5010,ISIN,BRBEESACNOR9,2024-01-02,,B3_COTAHIST_2024_2025
5011,ISIN,BRBEESACNPR6,2024-01-02,,B3_COTAHIST_2024_2025
5012,ISIN,BRBRSRACNOR3,2024-01-02,,B3_COTAHIST_2024_2025
5013,ISIN,BRBRSRACNPA6,2024-01-03,,B3_COTAHIST_2024_2025
5014,ISIN,BRBRSRACNPB4,2024-01-02,,B3_COTAHIST_2024_2025
5015,ISIN,BRBMEBACNOR8,2024-01-02,,B3_COTAHIST_2024_2025
5016,ISIN,BRBMEBACNPR5,2024-01-02,,B3_COTAHIST_2024_2025
5017,ISIN,BRBDLLACNOR1,2024-01-19,,B3_COTAHIST_2024_2025
5018,ISIN,BRBDLLACNPR8,2024-01-03,,B3_COTAHIST_2024_2025
5019,ISIN,BRBALMACNOR5,2024-01-12,,B3_COTAHIST_2024_2025
5020,ISIN,BRBALMACNPR2,2024-01-02,,B3_COTAHIST_2024_2025
5021,ISIN,BRCAMBACNOR4,2024-01-02,,B3_COTAHIST_2024_2025
5022,ISIN,BRRANIACNOR5,2024-01-02,,B3_COTAHIST_2024_2025
5023,ISIN,BRELETACNPA9,2024-01-09,2025-12-01,B3_COTAHIST_2024_2025
5023,ISIN,BRAXIAACNPA3,2025-12-01,,B3_COTAHIST_2024_2025
5024,ISIN,BRELETACNPB7,2024-01-02,2025-11-10,B3_COTAHIST_2024_2025
5024,ISIN,BRAXIAACNPB1,2025-11-10,,B3_COTAHIST_2024_2025
5025,ISIN,BRAXIAACNPC9,2025-12-22,,B3_COTAHIST_2024_2025
5026,ISIN,BRCMIGACNOR6,2024-01-02,,B3_COTAHIST_2024_2025
5027,ISIN,BRCMIGACNPR3,2024-01-02,,B3_COTAHIST_2024_2025
5028,ISIN,BRCLSCACNOR6,2024-01-02,,B3_COTAHIST_2024_2025
5029,ISIN,BRCLSCACNPR3,2024-01-02,,B3_COTAHIST_2024_2025
5030,ISIN,BRFESAACNOR8,2024-01-04,,B3_COTAHIST_2024_2025
5031,ISIN,BRFESAACNPR5,2024-01-02,,B3_COTAHIST_2024_2025
5032,ISIN,BRCEDOACNOR8,2024-01-02,,B3_COTAHIST_2024_2025
5033,ISIN,BRCEDOACNPR5,2024-01-02,,B3_COTAHIST_2024_2025
5034,ISIN,BRREDEACNOR7,2024-01-02,,B3_COTAHIST_2024_2025
5035,ISIN,BRHBTSACNPA3,2024-01-02,,B3_COTAHIST_2024_2025
5036,ISIN,BRMSPAACNOR0,2024-02-19,,B3_COTAHIST_2024_2025
5037,ISIN,BRMSPAACNPR7,2024-02-19,,B3_COTAHIST_2024_2025
5038,ISIN,BRGGBRACNOR1,2024-01-02,,B3_COTAHIST_2024_2025
5039,ISIN,BRGGBRACNPR8,2024-01-02,,B3_COTAHIST_2024_2025
5040,ISIN,BRCSNAACNOR6,2024-01-02,,B3_COTAHIST_2024_2025
5041,ISIN,BRCTSAACNOR3,2024-01-02,,B3_COTAHIST_2024_2025
5042,ISIN,BRCTSAACNPR0,2024-01-02,,B3_COTAHIST_2024_2025
5043,ISIN,BRCTKAACNOR0,2024-01-22,,B3_COTAHIST_2024_2025
5044,ISIN,BRCTKAACNPR7,2024-01-02,,B3_COTAHIST_2024_2025
5045,ISIN,BRVALEACNOR0,2024-01-02,,B3_COTAHIST_2024_2025
5046,ISIN,BRCGRAACNOR2,2024-01-02,,B3_COTAHIST_2024_2025
5047,ISIN,BRCGRAACNPR9,2024-01-02,,B3_COTAHIST_2024_2025
5048,ISIN,BRGUARACNOR4,2024-01-02,,B3_COTAHIST_2024_2025
5049,ISIN,BRCALIACNOR1,2024-01-10,,B3_COTAHIST_2024_2025
5050,ISIN,BRBRKMACNOR1,2024-01-02,,B3_COTAHIST_2024_2025
5051,ISIN,BRBRKMACNPA4,2024-01-02,,B3_COTAHIST_2024_2025
5052,ISIN,BRBRKMACNPB2,2024-01-05,,B3_COTAHIST_2024_2025
5053,ISIN,BRRADLACNOR0,2024-01-02,,B3_COTAHIST_2024_2025
5054,ISIN,BRMNDLACNOR4,2024-01-02,,B3_COTAHIST_2024_2025
5055,ISIN,BREALTACNOR4,2024-01-02,,B3_COTAHIST_2024_2025
5056,ISIN,BREALTACNPR1,2024-01-02,,B3_COTAHIST_2024_2025
5057,ISIN,BRWEGEACNOR0,2024-01-02,,B3_COTAHIST_2024_2025
5058,ISIN,BRETERACNOR3,2024-01-02,,B3_COTAHIST_2024_2025
5059,ISIN,BREUCAACNOR1,2024-01-02,,B3_COTAHIST_2024_2025
5060,ISIN,BREUCAACNPR8,2024-01-02,,B3_COTAHIST_2024_2025
5061,ISIN,BRTASAACNOR7,2024-01-02,,B3_COTAHIST_2024_2025
5062,ISIN,BRTASAACNPR4,2024-01-02,,B3_COTAHIST_2024_2025
5063,ISIN,BRFRASACNOR0,2024-01-02,,B3_COTAHIST_2024_2025
5064,ISIN,BRTUPYACNOR1,2024-01-02,,B3_COTAHIST_2024_2025
5065,ISIN,BRBHIAACNOR1,2024-01-02,,B3_COTAHIST_2024_2025
5066,ISIN,BRHOOTACNPR9,2024-01-02,,B3_COTAHIST_2024_2025
5067,ISIN,BRROMIACNOR8,2024-01-02,,B3_COTAHIST_2024_2025
5068,ISIN,BRTXRXACNOR3,2024-01-19,,B3_COTAHIST_2024_2025
5069,ISIN,BRTXRXACNPR0,2024-01-04,,B3_COTAHIST_2024_2025
5070,ISIN,BRINEPACNOR1,2024-01-02,,B3_COTAHIST_2024_2025
5071,ISIN,BRINEPACNPR8,2024-01-02,,B3_COTAHIST_2024_2025
5072,ISIN,BRITSAACNOR0,2024-01-02,,B3_COTAHIST_2024_2025
5073,ISIN,BRITSAACNPR7,2024-01-02,,B3_COTAHIST_2024_2025
5074,ISIN,BRJFENACNOR0,2024-01-02,,B3_COTAHIST_2024_2025
5075,ISIN,BRKEPLACNOR1,2024-01-02,,B3_COTAHIST_2024_2025
5076,ISIN,BRLRENACNOR1,2024-01-02,,B3_COTAHIST_2024_2025
5077,ISIN,BRLUXMACNPR4,2024-01-09,,B3_COTAHIST_2024_2025
5078,ISIN,BRMGELACNPR3,2024-01-02,,B3_COTAHIST_2024_2025
5079,ISIN,BRESTRACNOR3,2024-01-11,,B3_COTAHIST_2024_2025
5080,ISIN,BRESTRACNPR0,2024-01-02,,B3_COTAHIST_2024_2025
5081,ISIN,BRPOMOACNOR0,2024-01-02,,B3_COTAHIST_2024_2025
5082,ISIN,BRPOMOACNPR7,2024-01-02,,B3_COTAHIST_2024_2025
5083,ISIN,BRLEVEACNOR2,2024-01-02,,B3_COTAHIST_2024_2025
5084,ISIN,BRGOAUACNOR1,2024-01-02,,B3_COTAHIST_2024_2025
5085,ISIN,BRGOAUACNPR8,2024-01-02,,B3_COTAHIST_2024_2025
5086,ISIN,BRIGTIACNOR8,2024-01-02,,B3_COTAHIST_2024_2025
5087,ISIN,BRIGTIACNPR5,2024-01-02,,B3_COTAHIST_2024_2025
5088,ISIN,BRIGTICDAM16,2024-01-02,,B3_COTAHIST_2024_2025
5089,ISIN,BRMTSAACNOR2,2024-05-03,,B3_COTAHIST_2024_2025
5090,ISIN,BRMTSAACNPR9,2024-01-02,,B3_COTAHIST_2024_2025
5091,ISIN,BRMOARACNOR5,2024-01-04,,B3_COTAHIST_2024_2025
5092,ISIN,BRPNVLACNOR9,2024-01-02,,B3_COTAHIST_2024_2025
5093,ISIN,BRPMAMACNOR3,2024-01-02,,B3_COTAHIST_2024_2025
5094,ISIN,BRPTNTACNOR6,2024-01-02,,B3_COTAHIST_2024_2025
5095,ISIN,BRPTNTACNPR3,2024-01-02,,B3_COTAHIST_2024_2025
5096,ISIN,BRRPMGACNOR9,2024-01-02,,B3_COTAHIST_2024_2025
5097,ISIN,BRALPAACNOR0,2024-01-02,,B3_COTAHIST_2024_2025
5098,ISIN,BRALPAACNPR7,2024-01-02,,B3_COTAHIST_2024_2025
5099,ISIN,BRSONDACNOR5,2024-10-10,,B3_COTAHIST_2024_2025
5100,ISIN,BRSONDACNPA8,2024-01-02,,B3_COTAHIST_2024_2025
5101,ISIN,BRSONDACNPB6,2024-01-11,,B3_COTAHIST_2024_2025
5102,ISIN,BRWLMMACNOR6,2024-01-03,,B3_COTAHIST_2024_2025
5103,ISIN,BRWLMMACNPR3,2024-01-02,,B3_COTAHIST_2024_2025
5104,ISIN,BRTEKAACNPR3,2024-01-02,,B3_COTAHIST_2024_2025
5105,ISIN,BRTKNOACNOR8,2024-12-23,,B3_COTAHIST_2024_2025
5106,ISIN,BRTKNOACNPR5,2024-01-05,,B3_COTAHIST_2024_2025
5107,ISIN,BROIBRACNOR1,2024-01-02,,B3_COTAHIST_2024_2025
5108,ISIN,BROIBRACNPR8,2024-01-02,,B3_COTAHIST_2024_2025
5109,ISIN,BRUNIPACNOR7,2024-01-02,,B3_COTAHIST_2024_2025
5110,ISIN,BRUNIPACNPA0,2024-01-02,,B3_COTAHIST_2024_2025
5111,ISIN,BRUNIPACNPB8,2024-01-02,,B3_COTAHIST_2024_2025
5112,ISIN,BRVULCACNOR2,2024-01-02,,B3_COTAHIST_2024_2025
5113,ISIN,BRMYPKACNOR7,2024-01-02,,B3_COTAHIST_2024_2025
5114,ISIN,BRAZEVACNOR0,2024-01-02,,B3_COTAHIST_2024_2025
5115,ISIN,BRAZEVACNPR7,2024-01-02,,B3_COTAHIST_2024_2025
5116,ISIN,BRMWETACNOR6,2024-03-05,,B3_COTAHIST_2024_2025
5117,ISIN,BRMWETACNPR3,2024-01-04,,B3_COTAHIST_2024_2025
5118,ISIN,BRBOBRACNPR3,2024-01-02,,B3_COTAHIST_2024_2025
5119,ISIN,BRRCSLACNOR4,2024-01-02,,B3_COTAHIST_2024_2025
5120,ISIN,BRRCSLACNPR1,2024-01-02,,B3_COTAHIST_2024_2025
5121,ISIN,BRKLBNACNOR2,2024-01-02,,B3_COTAHIST_2024_2025
5122,ISIN,BRKLBNACNPR9,2024-01-02,,B3_COTAHIST_2024_2025
5123,ISIN,BRKLBNCDAM18,2024-01-02,,B3_COTAHIST_2024_2025
5124,ISIN,BRSNSYACNOR2,2024-01-03,,B3_COTAHIST_2024_2025
5125,ISIN,BRSNSYACNPA5,2024-01-02,,B3_COTAHIST_2024_2025
5126,ISIN,BRJOPAACNOR5,2024-01-02,,B3_COTAHIST_2024_2025
5127,ISIN,BRJOPAACNPR2,2024-02-27,,B3_COTAHIST_2024_2025
5128,ISIN,BRHAGAACNOR7,2024-01-02,,B3_COTAHIST_2024_2025
5129,ISIN,BRHAGAACNPR4,2024-01-02,,B3_COTAHIST_2024_2025
5130,ISIN,BRRSULACNPR3,2024-01-02,,B3_COTAHIST_2024_2025
5131,ISIN,BRPLASACNOR2,2024-01-02,,B3_COTAHIST_2024_2025
5132,ISIN,BRMNPRACNOR5,2024-01-02,,B3_COTAHIST_2024_2025
5133,ISIN,BRPTBLACNOR8,2024-01-02,,B3_COTAHIST_2024_2025
5134,ISIN,BRSCARACNOR7,2024-01-02,,B3_COTAHIST_2024_2025
5135,ISIN,BRSUZBACNOR0,2024-01-02,,B3_COTAHIST_2024_2025
5136,ISIN,BRRAPTACNOR7,2024-01-02,,B3_COTAHIST_2024_2025
5137,ISIN,BRRAPTACNPR4,2024-01-02,,B3_COTAHIST_2024_2025
5138,ISIN,BRBSLIACNOR5,2024-01-02,,B3_COTAHIST_2024_2025
5139,ISIN,BRBSLIACNPR2,2024-01-02,,B3_COTAHIST_2024_2025
5140,ISIN,BRCPLEACNOR8,2024-01-02,,B3_COTAHIST_2024_2025
5141,ISIN,BRCPLEACNPA1,2024-01-02,,B3_COTAHIST_2024_2025
5142,ISIN,BRCPLEACNPB9,2024-01-02,,B3_COTAHIST_2024_2025
5143,ISIN,BRUSIMACNOR3,2024-01-02,,B3_COTAHIST_2024_2025
5144,ISIN,BRUSIMACNPA6,2024-01-02,,B3_COTAHIST_2024_2025
5145,ISIN,BRUSIMACNPB4,2024-01-02,,B3_COTAHIST_2024_2025
5146,ISIN,BRWHRLACNOR5,2024-01-02,,B3_COTAHIST_2024_2025
5147,ISIN,BRWHRLACNPR2,2024-01-02,,B3_COTAHIST_2024_2025
5148,ISIN,BRSBSPACNOR5,2024-01-02,,B3_COTAHIST_2024_2025
5149,ISIN,BRCEBRACNOR5,2024-01-02,,B3_COTAHIST_2024_2025
5150,ISIN,BRCEBRACNPA8,2024-01-02,,B3_COTAHIST_2024_2025
5151,ISIN,BRCEBRACNPB6,2024-01-02,,B3_COTAHIST_2024_2025
5152,ISIN,BRCYREACNOR7,2024-01-02,,B3_COTAHIST_2024_2025
5153,ISIN,BRSHULACNPR4,2024-01-02,,B3_COTAHIST_2024_2025
5154,ISIN,BRPCARACNOR3,2024-01-02,,B3_COTAHIST_2024_2025
5155,ISIN,BRENGIACNOR0,2024-01-02,,B3_COTAHIST_2024_2025
5156,ISIN,BRENGIACNPR7,2024-01-02,,B3_COTAHIST_2024_2025
5157,ISIN,BRENGICDAM16,2024-01-02,,B3_COTAHIST_2024_2025
5158,ISIN,BRFICTACNOR3,2024-12-19,,B3_COTAHIST_2024_2025
5159,ISIN,BREPARACNOR9,2024-01-02,,B3_COTAHIST_2024_2025
5160,ISIN,BRNEOEACNOR3,2024-01-02,,B3_COTAHIST_2024_2025
5161,ISIN,BRGFSAACNOR3,2024-01-02,,B3_COTAHIST_2024_2025
5162,ISIN,BRBRFSACNOR8,2024-01-02,,B3_COTAHIST_2024_2025
5163,ISIN,BRRSIDACNOR8,2024-01-02,,B3_COTAHIST_2024_2025
5164,ISIN,BRDEXPACNOR1,2024-01-02,,B3_COTAHIST_2024_2025
5165,ISIN,BRDEXPACNPR8,2024-01-02,,B3_COTAHIST_2024_2025
5166,ISIN,BRPSSAACNOR7,2024-01-02,,B3_COTAHIST_2024_2025
5167,ISIN,BREMAEACNOR4,2024-03-28,,B3_COTAHIST_2024_2025
5168,ISIN,BREMAEACNPR1,2024-01-02,,B3_COTAHIST_2024_2025
5169,ISIN,BREGIEACNOR9,2024-01-02,,B3_COTAHIST_2024_2025
5170,ISIN,BRRAILACNOR9,2024-01-02,,B3_COTAHIST_2024_2025
5171,ISIN,BRVIVTACNOR0,2024-01-02,,B3_COTAHIST_2024_2025
5172,ISIN,BRSTBPACNOR3,2024-01-02,,B3_COTAHIST_2024_2025
5173,ISIN,BRCOGNACNOR2,2024-01-02,,B3_COTAHIST_2024_2025
5174,ISIN,BRGEPAACNOR2,2024-01-05,,B3_COTAHIST_2024_2025
5175,ISIN,BRGEPAACNPR9,2024-01-02,,B3_COTAHIST_2024_2025
5176,ISIN,BRISAEACNOR2,2024-11-18,,B3_COTAHIST_2024_2025
5177,ISIN,BRISAEACNPR9,2024-11-18,,B3_COTAHIST_2024_2025
5178,ISIN,BRPDTCACNOR3,2024-01-02,,B3_COTAHIST_2024_2025
5179,ISIN,BRUGPAACNOR8,2024-01-02,,B3_COTAHIST_2024_2025
5180,ISIN,BRCPFEACNOR0,2024-01-02,,B3_COTAHIST_2024_2025
5181,ISIN,BRPEABACNOR3,2024-01-03,,B3_COTAHIST_2024_2025
5182,ISIN,BRPEABACNPR0,2024-01-03,,B3_COTAHIST_2024_2025
5183,ISIN,BRBRAPACNOR5,2024-01-02,,B3_COTAHIST_2024_2025
5184,ISIN,BRBRAPACNPR2,2024-01-02,,B3_COTAHIST_2024_2025
5185,ISIN,BRCCROACNOR2,2024-01-02,2025-05-02,B3_COTAHIST_2024_2025
5185,ISIN,BRMOTVACNOR7,2025-05-02,,B3_COTAHIST_2024_2025
5186,ISIN,BRATMPACNOR8,2024-01-02,2025-06-05,B3_COTAHIST_2024_2025
5186,ISIN,BRCTAXACNOR3,2025-06-05,,B3_COTAHIST_2024_2025
5187,ISIN,BRBIOMACNOR2,2024-01-02,,B3_COTAHIST_2024_2025
5188,ISIN,BRTPISACNOR8,2024-01-02,,B3_COTAHIST_2024_2025
5189,ISIN,BRITUBACNOR4,2024-01-02,,B3_COTAHIST_2024_2025
5190,ISIN,BRITUBACNPR1,2024-01-02,,B3_COTAHIST_2024_2025
5191,ISIN,BRCSMGACNOR5,2024-01-02,,B3_COTAHIST_2024_2025
5192,ISIN,BRECORACNOR8,2024-01-02,,B3_COTAHIST_2024_2025
5193,ISIN,BRGOLLACNPR4,2024-01-02,,B3_COTAHIST_2024_2025
5194,ISIN,BRGRNDACNOR3,2024-01-02,,B3_COTAHIST_2024_2025
5195,ISIN,BRDASAACNOR1,2024-01-02,,B3_COTAHIST_2024_2025
5196,ISIN,BRRENTACNOR4,2024-01-02,,B3_COTAHIST_2024_2025
5197,ISIN,BRRENTACNPR1,2025-12-30,,B3_COTAHIST_2024_2025
5198,ISIN,BRCSANACNOR6,2024-01-02,,B3_COTAHIST_2024_2025
5199,ISIN,BRLIGTACNOR2,2024-01-02,,B3_COTAHIST_2024_2025
5200,ISIN,BRTOTSACNOR8,2024-01-02,,B3_COTAHIST_2024_2025
5201,ISIN,BREQTLACNOR0,2024-01-02,,B3_COTAHIST_2024_2025
5202,ISIN,BRVLIDACNOR5,2024-01-02,,B3_COTAHIST_2024_2025
5203,ISIN,BRAGROACNOR7,2024-01-02,,B3_COTAHIST_2024_2025
5204,ISIN,BRCSUDACNOR5,2024-01-02,,B3_COTAHIST_2024_2025
5205,ISIN,BRLUPAACNOR8,2024-01-02,,B3_COTAHIST_2024_2025
5206,ISIN,BREMBRACNOR4,2024-01-02,2025-11-03,B3_COTAHIST_2024_2025
5206,ISIN,BREMBJACNOR1,2025-11-03,,B3_COTAHIST_2024_2025
5207,ISIN,BRODPVACNOR4,2024-01-02,,B3_COTAHIST_2024_2025
5208,ISIN,BRTAEEACNOR9,2024-01-02,,B3_COTAHIST_2024_2025
5209,ISIN,BRTAEEACNPR6,2024-01-02,,B3_COTAHIST_2024_2025
5210,ISIN,BRMDIAACNOR7,2024-01-02,,B3_COTAHIST_2024_2025
5211,ISIN,BRPFRMACNOR1,2024-01-02,,B3_COTAHIST_2024_2025
5212,ISIN,BRPOSIACNOR9,2024-01-02,,B3_COTAHIST_2024_2025
5213,ISIN,BRLPSBACNOR0,2024-01-02,,B3_COTAHIST_2024_2025
5214,ISIN,BRTCSAACNOR3,2024-01-02,,B3_COTAHIST_2024_2025
5215,ISIN,BRRDNIACNOR9,2024-01-02,,B3_COTAHIST_2024_2025
5216,ISIN,BRPDGRACNOR8,2024-01-02,,B3_COTAHIST_2024_2025
5217,ISIN,BRSMTOACNOR3,2024-01-02,,B3_COTAHIST_2024_2025
5218,ISIN,BREVENACNOR8,2024-01-02,,B3_COTAHIST_2024_2025
5219,ISIN,BRSANBACNOR8,2024-01-02,,B3_COTAHIST_2024_2025
5220,ISIN,BRSANBACNPR5,2024-01-02,,B3_COTAHIST_2024_2025
5221,ISIN,BRSANBCDAM13,2024-01-02,,B3_COTAHIST_2024_2025
5222,ISIN,BRPINEACNOR1,2024-01-02,,B3_COTAHIST_2024_2025
5223,ISIN,BRPINEACNPR8,2024-01-02,,B3_COTAHIST_2024_2025
5224,ISIN,BRJBSSACNOR8,2024-01-02,,B3_COTAHIST_2024_2025
5225,ISIN,BRJHSFACNOR2,2024-01-02,,B3_COTAHIST_2024_2025
5226,ISIN,BRFRIOACNOR2,2024-01-02,,B3_COTAHIST_2024_2025
5227,ISIN,BRFIEIACNOR2,2024-01-15,,B3_COTAHIST_2024_2025
5228,ISIN,BRVIVRACNOR4,2024-01-02,,B3_COTAHIST_2024_2025
5229,ISIN,BRLOGNACNOR3,2024-01-02,,B3_COTAHIST_2024_2025
5230,ISIN,BRSLCEACNOR2,2024-01-02,,B3_COTAHIST_2024_2025
5231,ISIN,BREZTCACNOR0,2024-01-02,,B3_COTAHIST_2024_2025
5232,ISIN,BRMRFGACNOR0,2024-01-02,2025-09-23,B3_COTAHIST_2024_2025
5232,ISIN,BRMBRFACNOR1,2025-09-23,,B3_COTAHIST_2024_2025
5233,ISIN,BRTGMAACNOR7,2024-01-02,,B3_COTAHIST_2024_2025
5234,ISIN,BRHBORACNOR3,2024-01-02,,B3_COTAHIST_2024_2025
5235,ISIN,BRMRVEACNOR2,2024-01-02,,B3_COTAHIST_2024_2025
5236,ISIN,BRBEEFACNOR6,2024-01-02,,B3_COTAHIST_2024_2025
5237,ISIN,BRABCBACNPR4,2024-01-02,,B3_COTAHIST_2024_2025
5238,ISIN,BRMULTACNOR5,2024-01-02,,B3_COTAHIST_2024_2025
5239,ISIN,BRAMERACNOR6,2024-01-02,,B3_COTAHIST_2024_2025
5240,ISIN,BRGSHPACNOR7,2024-01-02,,B3_COTAHIST_2024_2025
5241,ISIN,BRYDUQACNOR3,2024-01-02,,B3_COTAHIST_2024_2025
5242,ISIN,BRSYNEACNOR2,2024-01-02,,B3_COTAHIST_2024_2025
5243,ISIN,BRMDNEACNOR9,2024-01-02,,B3_COTAHIST_2024_2025
5244,ISIN,BRDXCOACNOR8,2024-01-02,,B3_COTAHIST_2024_2025
5245,ISIN,BRTRISACNOR4,2024-01-02,,B3_COTAHIST_2024_2025
5246,ISIN,BRTENDACNOR4,2024-01-02,,B3_COTAHIST_2024_2025
5247,ISIN,BRNEXPACNOR0,2024-01-02,,B3_COTAHIST_2024_2025
5248,ISIN,BRBPANACNPR1,2024-01-02,,B3_COTAHIST_2024_2025
5249,ISIN,BRENEVACNOR8,2024-01-02,,B3_COTAHIST_2024_2025
5250,ISIN,BRNUTRACNOR0,2024-01-02,,B3_COTAHIST_2024_2025
5251,ISIN,BROSXBACNOR8,2024-01-02,,B3_COTAHIST_2024_2025
5252,ISIN,BRDIRRACNOR0,2024-01-02,,B3_COTAHIST_2024_2025
5253,ISIN,BRGPARACNOR4,2024-03-04,,B3_COTAHIST_2024_2025
5254,ISIN,BRHYPEACNOR0,2024-01-02,,B3_COTAHIST_2024_2025
5255,ISIN,BRVSTEACNOR5,2024-01-02,,B3_COTAHIST_2024_2025
5256,ISIN,BRALUPACNOR8,2024-01-02,,B3_COTAHIST_2024_2025
5257,ISIN,BRALUPACNPR5,2024-01-02,,B3_COTAHIST_2024_2025
5258,ISIN,BRALUPCDAM15,2024-01-02,,B3_COTAHIST_2024_2025
5259,ISIN,BRB3SAACNOR6,2024-01-02,,B3_COTAHIST_2024_2025
5260,ISIN,BRRNEWACNOR8,2024-01-02,,B3_COTAHIST_2024_2025
5261,ISIN,BRRNEWACNPR5,2024-01-02,,B3_COTAHIST_2024_2025
5262,ISIN,BRRNEWCDAM15,2024-01-02,,B3_COTAHIST_2024_2025
5263,ISIN,BRFLRYACNOR5,2024-01-02,,B3_COTAHIST_2024_2025
5264,ISIN,BRMILSACNOR2,2024-01-02,,B3_COTAHIST_2024_2025
5265,ISIN,BRJSLGACNOR2,2024-01-02,,B3_COTAHIST_2024_2025
5266,ISIN,BRAMARACNOR4,2024-01-02,,B3_COTAHIST_2024_2025
5267,ISIN,BRPRIOACNOR1,2024-01-02,,B3_COTAHIST_2024_2025
5268,ISIN,BRAZZAACNOR9,2024-08-01,,B3_COTAHIST_2024_2025
5269,ISIN,BRALOSACNOR5,2024-01-02,,B3_COTAHIST_2024_2025
5270,ISIN,BRSHOWACNOR7,2024-01-02,,B3_COTAHIST_2024_2025
5271,ISIN,BRQUALACNOR6,2024-01-02,,B3_COTAHIST_2024_2025
5272,ISIN,BRTECNACNOR6,2024-01-02,,B3_COTAHIST_2024_2025
5273,ISIN,BRPGMNACNOR8,2024-01-02,,B3_COTAHIST_2024_2025
5274,ISIN,BRBPACACNOR7,2024-01-02,,B3_COTAHIST_2024_2025
5275,ISIN,BRBPACACNPA0,2024-01-02,,B3_COTAHIST_2024_2025
5276,ISIN,BRBPACUNT006,2024-01-02,,B3_COTAHIST_2024_2025
5277,ISIN,BRHBSAACNOR0,2024-01-02,,B3_COTAHIST_2024_2025
5278,ISIN,BRUCASACNOR1,2024-01-02,,B3_COTAHIST_2024_2025
5279,ISIN,BRBBSEACNOR5,2024-01-02,,B3_COTAHIST_2024_2025
5280,ISIN,BRSEERACNOR5,2024-01-02,,B3_COTAHIST_2024_2025
5281,ISIN,BRANIMACNOR6,2024-01-02,,B3_COTAHIST_2024_2025
5282,ISIN,BRABEVACNOR1,2024-01-02,,B3_COTAHIST_2024_2025
5283,ISIN,BRLOGGACNOR7,2024-01-02,,B3_COTAHIST_2024_2025
5284,ISIN,BRCVCBACNOR1,2024-01-02,,B3_COTAHIST_2024_2025
5285,ISIN,BROFSAACNOR7,2024-01-02,,B3_COTAHIST_2024_2025
5286,ISIN,BRMEALACNOR9,2024-01-02,,B3_COTAHIST_2024_2025
5287,ISIN,BRWIZCACNOR5,2024-01-02,,B3_COTAHIST_2024_2025
5288,ISIN,BRCXSEACNOR7,2024-01-02,,B3_COTAHIST_2024_2025
5289,ISIN,BRMOVIACNOR0,2024-01-02,,B3_COTAHIST_2024_2025
5290,ISIN,BRAALRACNOR6,2024-01-02,,B3_COTAHIST_2024_2025
5291,ISIN,BRAZULACNPR4,2024-01-02,,B3_COTAHIST_2024_2025
5292,ISIN,BRCRFBACNOR2,2024-01-02,,B3_COTAHIST_2024_2025
5293,ISIN,BRIRBRACNOR4,2024-01-02,,B3_COTAHIST_2024_2025
5294,ISIN,BRCAMLACNOR3,2024-01-02,,B3_COTAHIST_2024_2025
5295,ISIN,BRPRNRACNOR4,2024-01-02,,B3_COTAHIST_2024_2025
5296,ISIN,BRSMFTACNOR1,2024-01-02,,B3_COTAHIST_2024_2025
5297,ISIN,BRVBBRACNOR1,2024-01-02,,B3_COTAHIST_2024_2025
5298,ISIN,BRZAMPACNOR5,2024-01-02,,B3_COTAHIST_2024_2025
5299,ISIN,BRHAPVACNOR4,2024-01-02,,B3_COTAHIST_2024_2025
5300,ISIN,BRBMGBACNPR0,2024-01-02,,B3_COTAHIST_2024_2025
5301,ISIN,BRBLAUACNOR8,2024-01-02,,B3_COTAHIST_2024_2025
5302,ISIN,BRSBFGACNOR1,2024-01-02,,B3_COTAHIST_2024_2025
5303,ISIN,BRVAMOACNOR7,2024-01-02,,B3_COTAHIST_2024_2025
5304,ISIN,BRVIVAACNOR0,2024-01-02,,B3_COTAHIST_2024_2025
5305,ISIN,BRRDORACNOR8,2024-01-02,,B3_COTAHIST_2024_2025
5306,ISIN,BRCEABACNOR1,2024-01-02,,B3_COTAHIST_2024_2025
5307,ISIN,BRMTREACNOR6,2024-01-02,,B3_COTAHIST_2024_2025
5308,ISIN,BRLWSAACNOR8,2024-01-02,,B3_COTAHIST_2024_2025
5309,ISIN,BRTIMSACNOR5,2024-01-02,,B3_COTAHIST_2024_2025
5310,ISIN,BRALPKACNOR9,2024-01-02,,B3_COTAHIST_2024_2025
5311,ISIN,BRAMBPACNOR6,2024-01-02,,B3_COTAHIST_2024_2025
5312,ISIN,BRSIMHACNOR0,2024-01-02,,B3_COTAHIST_2024_2025
5313,ISIN,BRLJQQACNOR5,2024-01-02,,B3_COTAHIST_2024_2025
5314,ISIN,BRDMVFACNOR9,2024-01-02,,B3_COTAHIST_2024_2025
5315,ISIN,BRLAVVACNOR4,2024-01-02,,B3_COTAHIST_2024_2025
5316,ISIN,BRPLPLACNOR5,2024-01-02,,B3_COTAHIST_2024_2025
5317,ISIN,BRPETZACNOR2,2024-01-02,,B3_COTAHIST_2024_2025
5318,ISIN,BRCURYACNOR3,2024-01-02,,B3_COTAHIST_2024_2025
5319,ISIN,BRMELKACNOR8,2024-01-02,,B3_COTAHIST_2024_2025
5320,ISIN,BRSEQLACNOR2,2024-01-02,,B3_COTAHIST_2024_2025
5321,ISIN,BRGMATACNOR7,2024-01-02,,B3_COTAHIST_2024_2025
5322,ISIN,BRTFCOACNPR8,2024-01-02,,B3_COTAHIST_2024_2025
5323,ISIN,BRCASHACNOR8,2024-01-02,,B3_COTAHIST_2024_2025
5324,ISIN,BRENJUACNOR9,2024-01-02,,B3_COTAHIST_2024_2025
5325,ISIN,BRAVLLACNOR5,2024-01-02,,B3_COTAHIST_2024_2025
5326,ISIN,BRAERIACNOR4,2024-01-02,,B3_COTAHIST_2024_2025
5327,ISIN,BRBRAVACNOR3,2024-09-09,,B3_COTAHIST_2024_2025
5328,ISIN,BRALLDACNOR3,2024-01-02,,B3_COTAHIST_2024_2025
5329,ISIN,BRNGRDACNOR3,2024-01-02,,B3_COTAHIST_2024_2025
5330,ISIN,BRHBREACNOR4,2024-01-02,,B3_COTAHIST_2024_2025
5331,ISIN,BRESPAACNOR7,2024-01-02,,B3_COTAHIST_2024_2025
5332,ISIN,BRINTBACNOR9,2024-01-02,,B3_COTAHIST_2024_2025
5333,ISIN,BRMBLYACNOR5,2024-01-02,2025-06-03,B3_COTAHIST_2024_2025
5333,ISIN,BRTOKYACNOR5,2025-06-03,,B3_COTAHIST_2024_2025
5334,ISIN,BRJALLACNOR0,2024-01-02,,B3_COTAHIST_2024_2025
5335,ISIN,BRBMOBACNOR7,2024-01-02,,B3_COTAHIST_2024_2025
5336,ISIN,BRCSEDACNOR9,2024-01-02,,B3_COTAHIST_2024_2025
5337,ISIN,BROPCTACNOR0,2024-01-02,,B3_COTAHIST_2024_2025
5338,ISIN,BRORVRACNOR0,2024-01-02,,B3_COTAHIST_2024_2025
5339,ISIN,BRELMDACNOR3,2024-01-02,,B3_COTAHIST_2024_2025
5340,ISIN,BRCMINACNOR2,2024-01-02,,B3_COTAHIST_2024_2025
5341,ISIN,BRAGXYACNOR4,2024-01-02,,B3_COTAHIST_2024_2025
5342,ISIN,BRVVEOACNOR0,2024-01-02,,B3_COTAHIST_2024_2025
5343,ISIN,BRMATDACNOR4,2024-01-02,,B3_COTAHIST_2024_2025
5344,ISIN,BRSOJAACNOR9,2024-01-02,,B3_COTAHIST_2024_2025
5345,ISIN,BRGGPSACNOR9,2024-01-02,,B3_COTAHIST_2024_2025
5346,ISIN,BRRIOSACNOR5,2025-11-28,,B3_COTAHIST_2024_2025
5347,ISIN,BRIFCMACNOR8,2024-01-02,,B3_COTAHIST_2024_2025
5348,ISIN,BRVITTACNOR4,2024-01-02,,B3_COTAHIST_2024_2025
5349,ISIN,BRRECVACNOR3,2024-01-02,,B3_COTAHIST_2024_2025
5350,ISIN,BRDOTZACNOR7,2024-01-02,,B3_COTAHIST_2024_2025
5351,ISIN,BRBRBICDAM10,2024-01-02,,B3_COTAHIST_2024_2025
5352,ISIN,BRKRSAACNOR0,2024-01-02,,B3_COTAHIST_2024_2025
5353,ISIN,BRNINJACNOR5,2024-01-02,2025-01-10,B3_COTAHIST_2024_2025
5353,ISIN,BRREAGACNOR8,2025-01-10,2025-12-03,B3_COTAHIST_2024_2025
5353,ISIN,BRARNDACNOR6,2025-12-03,,B3_COTAHIST_2024_2025
5354,ISIN,BRLVTCACNOR4,2024-01-02,2025-10-01,B3_COTAHIST_2024_2025
5354,ISIN,BRWDCNACNOR2,2025-10-01,,B3_COTAHIST_2024_2025
5355,ISIN,BRTTENACNOR0,2024-01-02,,B3_COTAHIST_2024_2025
5356,ISIN,BRCBAVACNOR5,2024-01-02,,B3_COTAHIST_2024_2025
5357,ISIN,BRLANDACNOR9,2024-01-02,,B3_COTAHIST_2024_2025
5358,ISIN,BRDESKACNOR2,2024-01-02,,B3_COTAHIST_2024_2025
5359,ISIN,BRMLASACNOR9,2024-01-02,,B3_COTAHIST_2024_2025
5360,ISIN,BRFIQEACNOR5,2024-01-02,,B3_COTAHIST_2024_2025
5361,ISIN,BRARMLACNOR1,2024-01-02,,B3_COTAHIST_2024_2025
5362,ISIN,BRTRADACNOR3,2024-01-02,,B3_COTAHIST_2024_2025
5363,ISIN,BRCLSAACNOR0,2024-01-02,,B3_COTAHIST_2024_2025
5364,ISIN,BRONCOACNOR6,2024-01-02,,B3_COTAHIST_2024_2025
5365,ISIN,BRPORTACNOR8,2024-01-02,,B3_COTAHIST_2024_2025
5366,ISIN,BRSRNAACNOR4,2024-01-02,,B3_COTAHIST_2024_2025
5367,ISIN,BRAUREACNOR9,2024-01-02,,B3_COTAHIST_2024_2025
5368,ISIN,BRVTRUACNOR3,2024-06-10,,B3_COTAHIST_2024_2025
5369,ISIN,BRAZTEACNOR4,2025-02-14,,B3_COTAHIST_2024_2025
5370,ISIN,BRADMFACNOR3,2025-03-12,,B3_COTAHIST_2024_2025
5371,ISIN,BRRVEEACNOR9,2025-05-12,,B3_COTAHIST_2024_2025
5372,ISIN,BRATEDACNOR1,2024-12-11,,B3_COTAHIST_2024_2025
5373,ISIN,BRBRSTACNOR9,2024-12-05,,B3_COTAHIST_2024_2025
5374,ISIN,BRAMOBACNOR9,2024-12-16,,B3_COTAHIST_2024_2025
5375,ISIN,BROBTCACNOR0,2025-10-07,,B3_COTAHIST_2024_2025
