INSTRUMENTO_ID,CD_CVM,TIPO_ATIVO,CLASSE,MOEDA,DT_INICIO,DT_FIM,STATUS,FONTE
1001,009512,ACAO,ON,BRL,2010-01-01,,ATIVO,B3_CVM_FIXTURE_VALIDADA
1002,009512,ACAO,PN,BRL,2010-01-01,,ATIVO,B3_CVM_FIXTURE_VALIDADA
2001,020257,UNIT,UNIT,BRL,2010-01-01,,ATIVO,B3_CVM_FIXTURE_VALIDADA
3001,002437,ACAO,ON,BRL,2010-01-01,,ATIVO,B3_CVM_FIXTURE_VALIDADA
4001,022470,ACAO,ON,BRL,2010-01-01,,ATIVO,B3_CVM_FIXTURE_VALIDADA
5001,019550,ACAO,ON,BRL,2010-01-01,2019-12-18,ENCERRADO,B3_CVM_FIXTURE_VALIDADA
5002,024783,ACAO,ON,BRL,2019-12-18,2025-07-02,ENCERRADO,B3_CVM_FIXTURE_VALIDADA
5003,019550,ACAO,ON,BRL,2025-07-02,,ATIVO,B3_CVM_FIXTURE_VALIDADA
5004,000094,ACAO,ON,BRL,2010-01-01,,ATIVO,D4_UNIVERSO_2025_GATE|VIGENCIAS_D4_2025
5005,000094,ACAO,PN,BRL,2010-01-01,,ATIVO,D4_UNIVERSO_2025_GATE|VIGENCIAS_D4_2025
5006,000701,ACAO,ON,BRL,2018-01-26,,ATIVO,D4_UNIVERSO_2025_GATE|VIGENCIAS_D4_2025
5007,000906,ACAO,ON,BRL,2010-01-01,,ATIVO,D4_UNIVERSO_2025_GATE|VIGENCIAS_D4_2025
5008,000906,ACAO,PN,BRL,2010-01-01,,ATIVO,D4_UNIVERSO_2025_GATE|VIGENCIAS_D4_2025
5009,001023,ACAO,ON,BRL,2010-01-01,,ATIVO,D4_UNIVERSO_2025_GATE|VIGENCIAS_D4_2025
5010,001155,ACAO,ON,BRL,2010-01-01,,ATIVO,D4_UNIVERSO_2025_GATE|VIGENCIAS_D4_2025
5011,001155,ACAO,PN,BRL,2010-01-01,,ATIVO,D4_UNIVERSO_2025_GATE|VIGENCIAS_D4_2025
5012,001210,ACAO,ON,BRL,2010-01-01,,ATIVO,D4_UNIVERSO_2025_GATE|VIGENCIAS_D4_2025
5013,001210,ACAO,PNA,BRL,2010-01-01,,ATIVO,D4_UNIVERSO_2025_GATE|VIGENCIAS_D4_2025
5014,001210,ACAO,PNB,BRL,2010-01-01,,ATIVO,D4_UNIVERSO_2025_GATE|VIGENCIAS_D4_2025
5015,001325,ACAO,ON,BRL,2010-01-01,,ATIVO,D4_UNIVERSO_2025_GATE|VIGENCIAS_D4_2025
5016,001325,ACAO,PN,BRL,2010-01-01,,ATIVO,D4_UNIVERSO_2025_GATE|VIGENCIAS_D4_2025
5017,001520,ACAO,ON,BRL,2010-01-01,,ATIVO,D4_UNIVERSO_2025_GATE|VIGENCIAS_D4_2025
5018,001520,ACAO,PN,BRL,2010-01-01,,ATIVO,D4_UNIVERSO_2025_GATE|VIGENCIAS_D4_2025
5019,001562,ACAO,ON,BRL,2010-01-01,,ATIVO,D4_UNIVERSO_2025_GATE|VIGENCIAS_D4_2025
5020,001562,ACAO,PN,BRL,2010-01-01,,ATIVO,D4_UNIVERSO_2025_GATE|VIGENCIAS_D4_2025
5021,002100,ACAO,ON,BRL,2010-01-01,,ATIVO,D4_UNIVERSO_2025_GATE|VIGENCIAS_D4_2025
5022,002429,ACAO,ON,BRL,2010-01-01,,ATIVO,D4_UNIVERSO_2025_GATE|VIGENCIAS_D4_2025
5023,002437,ACAO,PNA,BRL,2010-01-01,,ATIVO,D4_UNIVERSO_2025_GATE|VIGENCIAS_D4_2025
5024,002437,ACAO,PNB,BRL,2010-01-01,,ATIVO,D4_UNIVERSO_2025_GATE|VIGENCIAS_D4_2025
5025,002437,ACAO,PNC,BRL,2025-12-22,,ATIVO,D4_UNIVERSO_2025_GATE|VIGENCIAS_D4_2025
5026,002453,ACAO,ON,BRL,2010-01-01,,ATIVO,D4_UNIVERSO_2025_GATE|VIGENCIAS_D4_2025
5027,002453,ACAO,PN,BRL,2010-01-01,,ATIVO,D4_UNIVERSO_2025_GATE|VIGENCIAS_D4_2025
5028,002461,ACAO,ON,BRL,2010-01-01,,ATIVO,D4_UNIVERSO_2025_GATE|VIGENCIAS_D4_2025
5029,002461,ACAO,PN,BRL,2010-01-01,,ATIVO,D4_UNIVERSO_2025_GATE|VIGENCIAS_D4_2025
5030,003069,ACAO,ON,BRL,2011-01-05,,ATIVO,D4_UNIVERSO_2025_GATE|VIGENCIAS_D4_2025
5031,003069,ACAO,PN,BRL,2011-01-05,,ATIVO,D4_UNIVERSO_2025_GATE|VIGENCIAS_D4_2025
5032,003077,ACAO,ON,BRL,2010-01-01,,ATIVO,D4_UNIVERSO_2025_GATE|VIGENCIAS_D4_2025
5033,003077,ACAO,PN,BRL,2010-01-01,,ATIVO,D4_UNIVERSO_2025_GATE|VIGENCIAS_D4_2025
5034,003190,ACAO,ON,BRL,2010-01-01,,ATIVO,D4_UNIVERSO_2025_GATE|VIGENCIAS_D4_2025
5035,003298,ACAO,PNA,BRL,2010-01-01,,ATIVO,D4_UNIVERSO_2025_GATE|VIGENCIAS_D4_2025
5036,003654,ACAO,ON,BRL,2010-01-01,,ATIVO,D4_UNIVERSO_2025_GATE|VIGENCIAS_D4_2025
5037,003654,ACAO,PN,BRL,2010-01-01,,ATIVO,D4_UNIVERSO_2025_GATE|VIGENCIAS_D4_2025
5038,003980,ACAO,ON,BRL,2010-01-01,,ATIVO,D4_UNIVERSO_2025_GATE|VIGENCIAS_D4_2025
5039,003980,ACAO,PN,BRL,2010-01-01,,ATIVO,D4_UNIVERSO_2025_GATE|VIGENCIAS_D4_2025
5040,004030,ACAO,ON,BRL,2024-01-02,,ATIVO,D4_UNIVERSO_2025_GATE|VIGENCIAS_D4_2025
5041,004081,ACAO,ON,BRL,2010-01-01,,ATIVO,D4_UNIVERSO_2025_GATE|VIGENCIAS_D4_2025
5042,004081,ACAO,PN,BRL,2010-01-01,,ATIVO,D4_UNIVERSO_2025_GATE|VIGENCIAS_D4_2025
5043,004146,ACAO,ON,BRL,2010-01-01,,ATIVO,D4_UNIVERSO_2025_GATE|VIGENCIAS_D4_2025
5044,004146,ACAO,PN,BRL,2010-01-01,,ATIVO,D4_UNIVERSO_2025_GATE|VIGENCIAS_D4_2025
5045,004170,ACAO,ON,BRL,2017-12-22,,ATIVO,D4_UNIVERSO_2025_GATE|VIGENCIAS_D4_2025
5046,004537,ACAO,ON,BRL,2010-01-01,,ATIVO,D4_UNIVERSO_2025_GATE|VIGENCIAS_D4_2025
5047,004537,ACAO,PN,BRL,2010-01-01,,ATIVO,D4_UNIVERSO_2025_GATE|VIGENCIAS_D4_2025
5048,004669,ACAO,ON,BRL,2010-01-01,,ATIVO,D4_UNIVERSO_2025_GATE|VIGENCIAS_D4_2025
5049,004723,ACAO,ON,BRL,2010-01-01,,ATIVO,D4_UNIVERSO_2025_GATE|VIGENCIAS_D4_2025
5050,004820,ACAO,ON,BRL,2010-01-01,,ATIVO,D4_UNIVERSO_2025_GATE|VIGENCIAS_D4_2025
5051,004820,ACAO,PNA,BRL,2010-01-01,,ATIVO,D4_UNIVERSO_2025_GATE|VIGENCIAS_D4_2025
5052,004820,ACAO,PNB,BRL,2010-01-01,,ATIVO,D4_UNIVERSO_2025_GATE|VIGENCIAS_D4_2025
5053,005258,ACAO,ON,BRL,2010-01-01,,ATIVO,D4_UNIVERSO_2025_GATE|VIGENCIAS_D4_2025
5054,005312,ACAO,ON,BRL,2010-01-01,,ATIVO,D4_UNIVERSO_2025_GATE|VIGENCIAS_D4_2025
5055,005380,ACAO,ON,BRL,2010-01-01,,ATIVO,D4_UNIVERSO_2025_GATE|VIGENCIAS_D4_2025
5056,005380,ACAO,PN,BRL,2010-01-01,,ATIVO,D4_UNIVERSO_2025_GATE|VIGENCIAS_D4_2025
5057,005410,ACAO,ON,BRL,2010-01-01,,ATIVO,D4_UNIVERSO_2025_GATE|VIGENCIAS_D4_2025
5058,005762,ACAO,ON,BRL,2010-01-01,,ATIVO,D4_UNIVERSO_2025_GATE|VIGENCIAS_D4_2025
5059,005770,ACAO,ON,BRL,2012-07-01,,ATIVO,D4_UNIVERSO_2025_GATE|VIGENCIAS_D4_2025
5060,005770,ACAO,PN,BRL,2012-07-01,,ATIVO,D4_UNIVERSO_2025_GATE|VIGENCIAS_D4_2025
5061,006173,ACAO,ON,BRL,2011-07-08,,ATIVO,D4_UNIVERSO_2025_GATE|VIGENCIAS_D4_2025
5062,006173,ACAO,PN,BRL,2011-07-08,,ATIVO,D4_UNIVERSO_2025_GATE|VIGENCIAS_D4_2025
5063,006211,ACAO,ON,BRL,2010-01-01,,ATIVO,D4_UNIVERSO_2025_GATE|VIGENCIAS_D4_2025
5064,006343,ACAO,ON,BRL,2013-10-17,,ATIVO,D4_UNIVERSO_2025_GATE|VIGENCIAS_D4_2025
5065,006505,ACAO,ON,BRL,2018-11-26,,ATIVO,D4_UNIVERSO_2025_GATE|VIGENCIAS_D4_2025
5066,006700,ACAO,PN,BRL,2010-01-01,,ATIVO,D4_UNIVERSO_2025_GATE|VIGENCIAS_D4_2025
5067,007510,ACAO,ON,BRL,2010-01-01,,ATIVO,D4_UNIVERSO_2025_GATE|VIGENCIAS_D4_2025
5068,007544,ACAO,ON,BRL,2024-01-19,,ATIVO,D4_UNIVERSO_2025_GATE|VIGENCIAS_D4_2025
5069,007544,ACAO,PN,BRL,2010-01-01,,ATIVO,D4_UNIVERSO_2025_GATE|VIGENCIAS_D4_2025
5070,007595,ACAO,ON,BRL,2015-01-01,,ATIVO,D4_UNIVERSO_2025_GATE|VIGENCIAS_D4_2025
5071,007595,ACAO,PN,BRL,2024-01-02,,ATIVO,D4_UNIVERSO_2025_GATE|VIGENCIAS_D4_2025
5072,007617,ACAO,ON,BRL,2010-01-01,,ATIVO,D4_UNIVERSO_2025_GATE|VIGENCIAS_D4_2025
5073,007617,ACAO,PN,BRL,2010-01-01,,ATIVO,D4_UNIVERSO_2025_GATE|VIGENCIAS_D4_2025
5074,007811,ACAO,ON,BRL,2010-01-01,,ATIVO,D4_UNIVERSO_2025_GATE|VIGENCIAS_D4_2025
5075,007870,ACAO,ON,BRL,2010-01-01,,ATIVO,D4_UNIVERSO_2025_GATE|VIGENCIAS_D4_2025
5076,008133,ACAO,ON,BRL,2010-01-01,,ATIVO,D4_UNIVERSO_2025_GATE|VIGENCIAS_D4_2025
5077,008192,ACAO,PN,BRL,2024-01-09,,ATIVO,D4_UNIVERSO_2025_GATE|VIGENCIAS_D4_2025
5078,008397,ACAO,PN,BRL,2010-01-01,,ATIVO,D4_UNIVERSO_2025_GATE|VIGENCIAS_D4_2025
5079,008427,ACAO,ON,BRL,2024-01-11,,ATIVO,D4_UNIVERSO_2025_GATE|VIGENCIAS_D4_2025
5080,008427,ACAO,PN,BRL,2010-01-01,,ATIVO,D4_UNIVERSO_2025_GATE|VIGENCIAS_D4_2025
5081,008451,ACAO,ON,BRL,2010-01-01,,ATIVO,D4_UNIVERSO_2025_GATE|VIGENCIAS_D4_2025
5082,008451,ACAO,PN,BRL,2010-01-01,,ATIVO,D4_UNIVERSO_2025_GATE|VIGENCIAS_D4_2025
5083,008575,ACAO,ON,BRL,2011-07-05,,ATIVO,D4_UNIVERSO_2025_GATE|VIGENCIAS_D4_2025
5084,008656,ACAO,ON,BRL,2010-01-01,,ATIVO,D4_UNIVERSO_2025_GATE|VIGENCIAS_D4_2025
5085,008656,ACAO,PN,BRL,2010-01-01,,ATIVO,D4_UNIVERSO_2025_GATE|VIGENCIAS_D4_2025
5086,008672,ACAO,ON,BRL,2021-11-22,,ATIVO,D4_UNIVERSO_2025_GATE|VIGENCIAS_D4_2025
5087,008672,ACAO,PN,BRL,2022-09-22,,ATIVO,D4_UNIVERSO_2025_GATE|VIGENCIAS_D4_2025
5088,008672,UNIT,UNIT,BRL,2021-11-22,,ATIVO,D4_UNIVERSO_2025_GATE|VIGENCIAS_D4_2025
5089,008753,ACAO,ON,BRL,2010-01-01,,ATIVO,D4_UNIVERSO_2025_GATE|VIGENCIAS_D4_2025
5090,008753,ACAO,PN,BRL,2010-01-01,,ATIVO,D4_UNIVERSO_2025_GATE|VIGENCIAS_D4_2025
5091,008893,ACAO,ON,BRL,2010-01-01,,ATIVO,D4_UNIVERSO_2025_GATE|VIGENCIAS_D4_2025
5092,009342,ACAO,ON,BRL,2010-01-01,,ATIVO,D4_UNIVERSO_2025_GATE|VIGENCIAS_D4_2025
5093,009393,ACAO,ON,BRL,2012-02-15,,ATIVO,D4_UNIVERSO_2025_GATE|VIGENCIAS_D4_2025
5094,009539,ACAO,ON,BRL,2010-01-01,,ATIVO,D4_UNIVERSO_2025_GATE|VIGENCIAS_D4_2025
5095,009539,ACAO,PN,BRL,2010-01-01,,ATIVO,D4_UNIVERSO_2025_GATE|VIGENCIAS_D4_2025
5096,009989,ACAO,ON,BRL,2010-01-01,,ATIVO,D4_UNIVERSO_2025_GATE|VIGENCIAS_D4_2025
5097,010456,ACAO,ON,BRL,2010-01-01,,ATIVO,D4_UNIVERSO_2025_GATE|VIGENCIAS_D4_2025
5098,010456,ACAO,PN,BRL,2010-01-01,,ATIVO,D4_UNIVERSO_2025_GATE|VIGENCIAS_D4_2025
5099,010880,ACAO,ON,BRL,2010-01-01,,ATIVO,D4_UNIVERSO_2025_GATE|VIGENCIAS_D4_2025
5100,010880,ACAO,PNA,BRL,2010-01-01,,ATIVO,D4_UNIVERSO_2025_GATE|VIGENCIAS_D4_2025
5101,010880,ACAO,PNB,BRL,2010-01-01,,ATIVO,D4_UNIVERSO_2025_GATE|VIGENCIAS_D4_2025
5102,011070,ACAO,ON,BRL,2010-01-01,,ATIVO,D4_UNIVERSO_2025_GATE|VIGENCIAS_D4_2025
5103,011070,ACAO,PN,BRL,2010-01-01,,ATIVO,D4_UNIVERSO_2025_GATE|VIGENCIAS_D4_2025
5104,011223,ACAO,PN,BRL,2010-01-01,,ATIVO,D4_UNIVERSO_2025_GATE|VIGENCIAS_D4_2025
5105,011231,ACAO,ON,BRL,2010-01-01,,ATIVO,D4_UNIVERSO_2025_GATE|VIGENCIAS_D4_2025
5106,011231,ACAO,PN,BRL,2010-01-01,,ATIVO,D4_UNIVERSO_2025_GATE|VIGENCIAS_D4_2025
5107,011312,ACAO,ON,BRL,2012-04-09,,ATIVO,D4_UNIVERSO_2025_GATE|VIGENCIAS_D4_2025
5108,011312,ACAO,PN,BRL,2012-04-09,,ATIVO,D4_UNIVERSO_2025_GATE|VIGENCIAS_D4_2025
5109,011592,ACAO,ON,BRL,2010-01-01,,ATIVO,D4_UNIVERSO_2025_GATE|VIGENCIAS_D4_2025
5110,011592,ACAO,PNA,BRL,2010-01-01,,ATIVO,D4_UNIVERSO_2025_GATE|VIGENCIAS_D4_2025
5111,011592,ACAO,PNB,BRL,2010-01-01,,ATIVO,D4_UNIVERSO_2025_GATE|VIGENCIAS_D4_2025
5112,011762,ACAO,ON,BRL,2017-10-26,,ATIVO,D4_UNIVERSO_2025_GATE|VIGENCIAS_D4_2025
5113,011932,ACAO,ON,BRL,2010-01-01,,ATIVO,D4_UNIVERSO_2025_GATE|VIGENCIAS_D4_2025
5114,011975,ACAO,ON,BRL,2010-01-01,,ATIVO,D4_UNIVERSO_2025_GATE|VIGENCIAS_D4_2025
5115,011975,ACAO,PN,BRL,2010-01-01,,ATIVO,D4_UNIVERSO_2025_GATE|VIGENCIAS_D4_2025
5116,011991,ACAO,ON,BRL,2010-01-01,,ATIVO,D4_UNIVERSO_2025_GATE|VIGENCIAS_D4_2025
5117,011991,ACAO,PN,BRL,2010-01-01,,ATIVO,D4_UNIVERSO_2025_GATE|VIGENCIAS_D4_2025
5118,012190,ACAO,PN,BRL,2010-01-01,,ATIVO,D4_UNIVERSO_2025_GATE|VIGENCIAS_D4_2025
5119,012572,ACAO,ON,BRL,2010-01-01,,ATIVO,D4_UNIVERSO_2025_GATE|VIGENCIAS_D4_2025
5120,012572,ACAO,PN,BRL,2010-01-01,,ATIVO,D4_UNIVERSO_2025_GATE|VIGENCIAS_D4_2025
5121,012653,ACAO,ON,BRL,2024-01-02,,ATIVO,D4_UNIVERSO_2025_GATE|VIGENCIAS_D4_2025
5122,012653,ACAO,PN,BRL,2024-01-02,,ATIVO,D4_UNIVERSO_2025_GATE|VIGENCIAS_D4_2025
5123,012653,UNIT,UNIT,BRL,2014-01-07,,ATIVO,D4_UNIVERSO_2025_GATE|VIGENCIAS_D4_2025
5124,012696,ACAO,ON,BRL,2010-01-01,,ATIVO,D4_UNIVERSO_2025_GATE|VIGENCIAS_D4_2025
5125,012696,ACAO,PNA,BRL,2010-01-01,,ATIVO,D4_UNIVERSO_2025_GATE|VIGENCIAS_D4_2025
5126,013285,ACAO,ON,BRL,2010-01-01,,ATIVO,D4_UNIVERSO_2025_GATE|VIGENCIAS_D4_2025
5127,013285,ACAO,PN,BRL,2010-01-01,,ATIVO,D4_UNIVERSO_2025_GATE|VIGENCIAS_D4_2025
5128,013366,ACAO,ON,BRL,2024-01-02,,ATIVO,D4_UNIVERSO_2025_GATE|VIGENCIAS_D4_2025
5129,013366,ACAO,PN,BRL,2024-01-02,,ATIVO,D4_UNIVERSO_2025_GATE|VIGENCIAS_D4_2025
5130,013439,ACAO,PN,BRL,2010-01-01,,ATIVO,D4_UNIVERSO_2025_GATE|VIGENCIAS_D4_2025
5131,013471,ACAO,ON,BRL,2024-01-02,,ATIVO,D4_UNIVERSO_2025_GATE|VIGENCIAS_D4_2025
5132,013765,ACAO,ON,BRL,2010-01-01,,ATIVO,D4_UNIVERSO_2025_GATE|VIGENCIAS_D4_2025
5133,013773,ACAO,ON,BRL,2010-01-01,,ATIVO,D4_UNIVERSO_2025_GATE|VIGENCIAS_D4_2025
5134,013781,ACAO,ON,BRL,2010-01-01,,ATIVO,D4_UNIVERSO_2025_GATE|VIGENCIAS_D4_2025
5135,013986,ACAO,ON,BRL,2017-11-10,,ATIVO,D4_UNIVERSO_2025_GATE|VIGENCIAS_D4_2025
5136,014109,ACAO,ON,BRL,2010-01-01,,ATIVO,D4_UNIVERSO_2025_GATE|VIGENCIAS_D4_2025
5137,014109,ACAO,PN,BRL,2010-01-01,,ATIVO,D4_UNIVERSO_2025_GATE|VIGENCIAS_D4_2025
5138,014206,ACAO,ON,BRL,2010-01-01,,ATIVO,D4_UNIVERSO_2025_GATE|VIGENCIAS_D4_2025
5139,014206,ACAO,PN,BRL,2010-01-01,,ATIVO,D4_UNIVERSO_2025_GATE|VIGENCIAS_D4_2025
5140,014311,ACAO,ON,BRL,2010-01-01,,ATIVO,D4_UNIVERSO_2025_GATE|VIGENCIAS_D4_2025
5141,014311,ACAO,PNA,BRL,2010-01-01,,ATIVO,D4_UNIVERSO_2025_GATE|VIGENCIAS_D4_2025
5142,014311,ACAO,PNB,BRL,2010-01-01,,ATIVO,D4_UNIVERSO_2025_GATE|VIGENCIAS_D4_2025
5143,014320,ACAO,ON,BRL,2010-01-01,,ATIVO,D4_UNIVERSO_2025_GATE|VIGENCIAS_D4_2025
5144,014320,ACAO,PNA,BRL,2010-01-01,,ATIVO,D4_UNIVERSO_2025_GATE|VIGENCIAS_D4_2025
5145,014320,ACAO,PNB,BRL,2010-01-01,,ATIVO,D4_UNIVERSO_2025_GATE|VIGENCIAS_D4_2025
5146,014346,ACAO,ON,BRL,2010-01-01,,ATIVO,D4_UNIVERSO_2025_GATE|VIGENCIAS_D4_2025
5147,014346,ACAO,PN,BRL,2010-01-01,,ATIVO,D4_UNIVERSO_2025_GATE|VIGENCIAS_D4_2025
5148,014443,ACAO,ON,BRL,2010-01-01,,ATIVO,D4_UNIVERSO_2025_GATE|VIGENCIAS_D4_2025
5149,014451,ACAO,ON,BRL,2010-01-01,,ATIVO,D4_UNIVERSO_2025_GATE|VIGENCIAS_D4_2025
5150,014451,ACAO,PNA,BRL,2010-01-01,,ATIVO,D4_UNIVERSO_2025_GATE|VIGENCIAS_D4_2025
5151,014451,ACAO,PNB,BRL,2010-01-01,,ATIVO,D4_UNIVERSO_2025_GATE|VIGENCIAS_D4_2025
5152,014460,ACAO,ON,BRL,2010-01-01,,ATIVO,D4_UNIVERSO_2025_GATE|VIGENCIAS_D4_2025
5153,014664,ACAO,PN,BRL,2010-01-01,,ATIVO,D4_UNIVERSO_2025_GATE|VIGENCIAS_D4_2025
5154,014826,ACAO,ON,BRL,2010-01-01,,ATIVO,D4_UNIVERSO_2025_GATE|VIGENCIAS_D4_2025
5155,015253,ACAO,ON,BRL,2010-01-01,,ATIVO,D4_UNIVERSO_2025_GATE|VIGENCIAS_D4_2025
5156,015253,ACAO,PN,BRL,2010-01-01,,ATIVO,D4_UNIVERSO_2025_GATE|VIGENCIAS_D4_2025
5157,015253,UNIT,UNIT,BRL,2010-01-01,,ATIVO,D4_UNIVERSO_2025_GATE|VIGENCIAS_D4_2025
5158,015423,ACAO,ON,BRL,2010-01-01,,ATIVO,D4_UNIVERSO_2025_GATE|VIGENCIAS_D4_2025
5159,015458,ACAO,ON,BRL,2024-01-02,,ATIVO,D4_UNIVERSO_2025_GATE|VIGENCIAS_D4_2025
5160,015539,ACAO,ON,BRL,2019-07-01,,ATIVO,D4_UNIVERSO_2025_GATE|VIGENCIAS_D4_2025
5161,016101,ACAO,ON,BRL,2010-01-01,,ATIVO,D4_UNIVERSO_2025_GATE|VIGENCIAS_D4_2025
5162,016292,ACAO,ON,BRL,2010-01-01,,ATIVO,D4_UNIVERSO_2025_GATE|VIGENCIAS_D4_2025
5163,016306,ACAO,ON,BRL,2010-01-01,,ATIVO,D4_UNIVERSO_2025_GATE|VIGENCIAS_D4_2025
5164,016632,ACAO,ON,BRL,2010-01-01,,ATIVO,D4_UNIVERSO_2025_GATE|VIGENCIAS_D4_2025
5165,016632,ACAO,PN,BRL,2016-11-18,,ATIVO,D4_UNIVERSO_2025_GATE|VIGENCIAS_D4_2025
5166,016659,ACAO,ON,BRL,2010-01-01,,ATIVO,D4_UNIVERSO_2025_GATE|VIGENCIAS_D4_2025
5167,016993,ACAO,ON,BRL,2010-01-01,,ATIVO,D4_UNIVERSO_2025_GATE|VIGENCIAS_D4_2025
5168,016993,ACAO,PN,BRL,2010-01-01,,ATIVO,D4_UNIVERSO_2025_GATE|VIGENCIAS_D4_2025
5169,017329,ACAO,ON,BRL,2010-01-01,,ATIVO,D4_UNIVERSO_2025_GATE|VIGENCIAS_D4_2025
5170,017450,ACAO,ON,BRL,2015-04-01,,ATIVO,D4_UNIVERSO_2025_GATE|VIGENCIAS_D4_2025
5171,017671,ACAO,ON,BRL,2010-01-01,,ATIVO,D4_UNIVERSO_2025_GATE|VIGENCIAS_D4_2025
5172,017892,ACAO,ON,BRL,2016-09-22,,ATIVO,D4_UNIVERSO_2025_GATE|VIGENCIAS_D4_2025
5173,017973,ACAO,ON,BRL,2012-11-30,,ATIVO,D4_UNIVERSO_2025_GATE|VIGENCIAS_D4_2025
5174,018368,ACAO,ON,BRL,2010-01-01,,ATIVO,D4_UNIVERSO_2025_GATE|VIGENCIAS_D4_2025
5175,018368,ACAO,PN,BRL,2010-01-01,,ATIVO,D4_UNIVERSO_2025_GATE|VIGENCIAS_D4_2025
5176,018376,ACAO,ON,BRL,2010-01-01,,ATIVO,D4_UNIVERSO_2025_GATE|VIGENCIAS_D4_2025
5177,018376,ACAO,PN,BRL,2010-01-01,,ATIVO,D4_UNIVERSO_2025_GATE|VIGENCIAS_D4_2025
5178,018414,ACAO,ON,BRL,2018-01-08,,ATIVO,D4_UNIVERSO_2025_GATE|VIGENCIAS_D4_2025
5179,018465,ACAO,ON,BRL,2011-08-17,,ATIVO,D4_UNIVERSO_2025_GATE|VIGENCIAS_D4_2025
5180,018660,ACAO,ON,BRL,2010-01-01,,ATIVO,D4_UNIVERSO_2025_GATE|VIGENCIAS_D4_2025
5181,018708,ACAO,ON,BRL,2010-01-01,,ATIVO,D4_UNIVERSO_2025_GATE|VIGENCIAS_D4_2025
5182,018708,ACAO,PN,BRL,2010-01-01,,ATIVO,D4_UNIVERSO_2025_GATE|VIGENCIAS_D4_2025
5183,018724,ACAO,ON,BRL,2010-01-01,,ATIVO,D4_UNIVERSO_2025_GATE|VIGENCIAS_D4_2025
5184,018724,ACAO,PN,BRL,2010-01-01,,ATIVO,D4_UNIVERSO_2025_GATE|VIGENCIAS_D4_2025
5185,018821,ACAO,ON,BRL,2010-01-01,,ATIVO,D4_UNIVERSO_2025_GATE|VIGENCIAS_D4_2025
5186,019100,ACAO,ON,BRL,2016-07-21,,ATIVO,D4_UNIVERSO_2025_GATE|VIGENCIAS_D4_2025
5187,019305,ACAO,ON,BRL,2014-01-02,,ATIVO,D4_UNIVERSO_2025_GATE|VIGENCIAS_D4_2025
5188,019330,ACAO,ON,BRL,2010-01-01,,ATIVO,D4_UNIVERSO_2025_GATE|VIGENCIAS_D4_2025
5189,019348,ACAO,ON,BRL,2010-01-01,,ATIVO,D4_UNIVERSO_2025_GATE|VIGENCIAS_D4_2025
5190,019348,ACAO,PN,BRL,2010-01-01,,ATIVO,D4_UNIVERSO_2025_GATE|VIGENCIAS_D4_2025
5191,019445,ACAO,ON,BRL,2010-01-01,,ATIVO,D4_UNIVERSO_2025_GATE|VIGENCIAS_D4_2025
5192,019453,ACAO,ON,BRL,2010-04-01,,ATIVO,D4_UNIVERSO_2025_GATE|VIGENCIAS_D4_2025
5193,019569,ACAO,PN,BRL,2010-01-01,,ATIVO,D4_UNIVERSO_2025_GATE|VIGENCIAS_D4_2025
5194,019615,ACAO,ON,BRL,2010-01-01,,ATIVO,D4_UNIVERSO_2025_GATE|VIGENCIAS_D4_2025
5195,019623,ACAO,ON,BRL,2016-02-02,,ATIVO,D4_UNIVERSO_2025_GATE|VIGENCIAS_D4_2025
5196,019739,ACAO,ON,BRL,2010-01-01,,ATIVO,D4_UNIVERSO_2025_GATE|VIGENCIAS_D4_2025
5197,019739,ACAO,PN,BRL,2025-12-30,,ATIVO,D4_UNIVERSO_2025_GATE|VIGENCIAS_D4_2025
5198,019836,ACAO,ON,BRL,2010-01-01,,ATIVO,D4_UNIVERSO_2025_GATE|VIGENCIAS_D4_2025
5199,019879,ACAO,ON,BRL,2010-01-01,,ATIVO,D4_UNIVERSO_2025_GATE|VIGENCIAS_D4_2025
5200,019992,ACAO,ON,BRL,2010-01-01,,ATIVO,D4_UNIVERSO_2025_GATE|VIGENCIAS_D4_2025
5201,020010,ACAO,ON,BRL,2010-01-01,,ATIVO,D4_UNIVERSO_2025_GATE|VIGENCIAS_D4_2025
5202,020028,ACAO,ON,BRL,2010-01-01,,ATIVO,D4_UNIVERSO_2025_GATE|VIGENCIAS_D4_2025
5203,020036,ACAO,ON,BRL,2010-01-01,,ATIVO,D4_UNIVERSO_2025_GATE|VIGENCIAS_D4_2025
5204,020044,ACAO,ON,BRL,2010-01-01,,ATIVO,D4_UNIVERSO_2025_GATE|VIGENCIAS_D4_2025
5205,020060,ACAO,ON,BRL,2010-01-01,,ATIVO,D4_UNIVERSO_2025_GATE|VIGENCIAS_D4_2025
5206,020087,ACAO,ON,BRL,2010-01-01,,ATIVO,D4_UNIVERSO_2025_GATE|VIGENCIAS_D4_2025
5207,020125,ACAO,ON,BRL,2010-01-01,,ATIVO,D4_UNIVERSO_2025_GATE|VIGENCIAS_D4_2025
5208,020257,ACAO,ON,BRL,2010-01-01,,ATIVO,D4_UNIVERSO_2025_GATE|VIGENCIAS_D4_2025
5209,020257,ACAO,PN,BRL,2010-01-01,,ATIVO,D4_UNIVERSO_2025_GATE|VIGENCIAS_D4_2025
5210,020338,ACAO,ON,BRL,2010-01-01,,ATIVO,D4_UNIVERSO_2025_GATE|VIGENCIAS_D4_2025
5211,020346,ACAO,ON,BRL,2010-01-01,,ATIVO,D4_UNIVERSO_2025_GATE|VIGENCIAS_D4_2025
5212,020362,ACAO,ON,BRL,2010-01-01,,ATIVO,D4_UNIVERSO_2025_GATE|VIGENCIAS_D4_2025
5213,020370,ACAO,ON,BRL,2010-01-01,,ATIVO,D4_UNIVERSO_2025_GATE|VIGENCIAS_D4_2025
5214,020435,ACAO,ON,BRL,2010-01-01,,ATIVO,D4_UNIVERSO_2025_GATE|VIGENCIAS_D4_2025
5215,020451,ACAO,ON,BRL,2010-01-01,,ATIVO,D4_UNIVERSO_2025_GATE|VIGENCIAS_D4_2025
5216,020478,ACAO,ON,BRL,2010-01-01,,ATIVO,D4_UNIVERSO_2025_GATE|VIGENCIAS_D4_2025
5217,020516,ACAO,ON,BRL,2010-01-01,,ATIVO,D4_UNIVERSO_2025_GATE|VIGENCIAS_D4_2025
5218,020524,ACAO,ON,BRL,2019-04-02,,ATIVO,D4_UNIVERSO_2025_GATE|VIGENCIAS_D4_2025
5219,020532,ACAO,ON,BRL,2010-01-01,,ATIVO,D4_UNIVERSO_2025_GATE|VIGENCIAS_D4_2025
5220,020532,ACAO,PN,BRL,2010-01-01,,ATIVO,D4_UNIVERSO_2025_GATE|VIGENCIAS_D4_2025
5221,020532,UNIT,UNIT,BRL,2014-10-31,,ATIVO,D4_UNIVERSO_2025_GATE|VIGENCIAS_D4_2025
5222,020567,ACAO,ON,BRL,2012-03-30,,ATIVO,D4_UNIVERSO_2025_GATE|VIGENCIAS_D4_2025
5223,020567,ACAO,PN,BRL,2012-03-30,,ATIVO,D4_UNIVERSO_2025_GATE|VIGENCIAS_D4_2025
5224,020575,ACAO,ON,BRL,2010-01-01,,ATIVO,D4_UNIVERSO_2025_GATE|VIGENCIAS_D4_2025
5225,020605,ACAO,ON,BRL,2010-01-01,,ATIVO,D4_UNIVERSO_2025_GATE|VIGENCIAS_D4_2025
5226,020613,ACAO,ON,BRL,2010-01-01,,ATIVO,D4_UNIVERSO_2025_GATE|VIGENCIAS_D4_2025
5227,020630,ACAO,ON,BRL,2024-01-15,,ATIVO,D4_UNIVERSO_2025_GATE|VIGENCIAS_D4_2025
5228,020702,ACAO,ON,BRL,2010-01-01,,ATIVO,D4_UNIVERSO_2025_GATE|VIGENCIAS_D4_2025
5229,020710,ACAO,ON,BRL,2010-01-01,,ATIVO,D4_UNIVERSO_2025_GATE|VIGENCIAS_D4_2025
5230,020745,ACAO,ON,BRL,2010-01-01,,ATIVO,D4_UNIVERSO_2025_GATE|VIGENCIAS_D4_2025
5231,020770,ACAO,ON,BRL,2010-01-01,,ATIVO,D4_UNIVERSO_2025_GATE|VIGENCIAS_D4_2025
5232,020788,ACAO,ON,BRL,2010-01-01,,ATIVO,D4_UNIVERSO_2025_GATE|VIGENCIAS_D4_2025
5233,020800,ACAO,ON,BRL,2010-01-01,,ATIVO,D4_UNIVERSO_2025_GATE|VIGENCIAS_D4_2025
5234,020877,ACAO,ON,BRL,2010-01-01,,ATIVO,D4_UNIVERSO_2025_GATE|VIGENCIAS_D4_2025
5235,020915,ACAO,ON,BRL,2010-01-01,,ATIVO,D4_UNIVERSO_2025_GATE|VIGENCIAS_D4_2025
5236,020931,ACAO,ON,BRL,2010-01-01,,ATIVO,D4_UNIVERSO_2025_GATE|VIGENCIAS_D4_2025
5237,020958,ACAO,PN,BRL,2010-01-01,,ATIVO,D4_UNIVERSO_2025_GATE|VIGENCIAS_D4_2025
5238,020982,ACAO,ON,BRL,2010-01-01,,ATIVO,D4_UNIVERSO_2025_GATE|VIGENCIAS_D4_2025
5239,020990,ACAO,ON,BRL,2010-01-01,,ATIVO,D4_UNIVERSO_2025_GATE|VIGENCIAS_D4_2025
5240,021008,ACAO,ON,BRL,2010-01-01,,ATIVO,D4_UNIVERSO_2025_GATE|VIGENCIAS_D4_2025
5241,021016,ACAO,ON,BRL,2010-01-01,,ATIVO,D4_UNIVERSO_2025_GATE|VIGENCIAS_D4_2025
5242,021040,ACAO,ON,BRL,2010-01-01,,ATIVO,D4_UNIVERSO_2025_GATE|VIGENCIAS_D4_2025
5243,021067,ACAO,ON,BRL,2020-02-13,,ATIVO,D4_UNIVERSO_2025_GATE|VIGENCIAS_D4_2025
5244,021091,ACAO,ON,BRL,2010-01-01,,ATIVO,D4_UNIVERSO_2025_GATE|VIGENCIAS_D4_2025
5245,021130,ACAO,ON,BRL,2010-01-01,,ATIVO,D4_UNIVERSO_2025_GATE|VIGENCIAS_D4_2025
5246,021148,ACAO,ON,BRL,2017-06-26,,ATIVO,D4_UNIVERSO_2025_GATE|VIGENCIAS_D4_2025
5247,021180,ACAO,ON,BRL,2010-01-01,,ATIVO,D4_UNIVERSO_2025_GATE|VIGENCIAS_D4_2025
5248,021199,ACAO,PN,BRL,2010-01-01,,ATIVO,D4_UNIVERSO_2025_GATE|VIGENCIAS_D4_2025
5249,021237,ACAO,ON,BRL,2010-01-01,,ATIVO,D4_UNIVERSO_2025_GATE|VIGENCIAS_D4_2025
5250,021334,ACAO,ON,BRL,2010-01-01,,ATIVO,D4_UNIVERSO_2025_GATE|VIGENCIAS_D4_2025
5251,021342,ACAO,ON,BRL,2010-03-19,,ATIVO,D4_UNIVERSO_2025_GATE|VIGENCIAS_D4_2025
5252,021350,ACAO,ON,BRL,2010-01-01,,ATIVO,D4_UNIVERSO_2025_GATE|VIGENCIAS_D4_2025
5253,021393,ACAO,ON,BRL,2010-01-01,,ATIVO,D4_UNIVERSO_2025_GATE|VIGENCIAS_D4_2025
5254,021431,ACAO,ON,BRL,2010-01-01,,ATIVO,D4_UNIVERSO_2025_GATE|VIGENCIAS_D4_2025
5255,021440,ACAO,ON,BRL,2010-01-01,,ATIVO,D4_UNIVERSO_2025_GATE|VIGENCIAS_D4_2025
5256,021490,ACAO,ON,BRL,2024-01-02,,ATIVO,D4_UNIVERSO_2025_GATE|VIGENCIAS_D4_2025
5257,021490,ACAO,PN,BRL,2024-01-02,,ATIVO,D4_UNIVERSO_2025_GATE|VIGENCIAS_D4_2025
5258,021490,UNIT,UNIT,BRL,2013-04-23,,ATIVO,D4_UNIVERSO_2025_GATE|VIGENCIAS_D4_2025
5259,021610,ACAO,ON,BRL,2010-01-01,,ATIVO,D4_UNIVERSO_2025_GATE|VIGENCIAS_D4_2025
5260,021636,ACAO,ON,BRL,2010-07-13,,ATIVO,D4_UNIVERSO_2025_GATE|VIGENCIAS_D4_2025
5261,021636,ACAO,PN,BRL,2010-07-13,,ATIVO,D4_UNIVERSO_2025_GATE|VIGENCIAS_D4_2025
5262,021636,UNIT,UNIT,BRL,2010-07-13,,ATIVO,D4_UNIVERSO_2025_GATE|VIGENCIAS_D4_2025
5263,021881,ACAO,ON,BRL,2010-01-01,,ATIVO,D4_UNIVERSO_2025_GATE|VIGENCIAS_D4_2025
5264,022012,ACAO,ON,BRL,2010-04-14,,ATIVO,D4_UNIVERSO_2025_GATE|VIGENCIAS_D4_2025
5265,022020,ACAO,ON,BRL,2010-04-20,,ATIVO,D4_UNIVERSO_2025_GATE|VIGENCIAS_D4_2025
5266,022055,ACAO,ON,BRL,2024-01-02,,ATIVO,D4_UNIVERSO_2025_GATE|VIGENCIAS_D4_2025
5267,022187,ACAO,ON,BRL,2010-10-25,,ATIVO,D4_UNIVERSO_2025_GATE|VIGENCIAS_D4_2025
5268,022349,ACAO,ON,BRL,2011-02-02,,ATIVO,D4_UNIVERSO_2025_GATE|VIGENCIAS_D4_2025
5269,022357,ACAO,ON,BRL,2011-02-02,,ATIVO,D4_UNIVERSO_2025_GATE|VIGENCIAS_D4_2025
5270,022454,ACAO,ON,BRL,2011-04-11,,ATIVO,D4_UNIVERSO_2025_GATE|VIGENCIAS_D4_2025
5271,022497,ACAO,ON,BRL,2011-06-28,,ATIVO,D4_UNIVERSO_2025_GATE|VIGENCIAS_D4_2025
5272,022519,ACAO,ON,BRL,2011-07-01,,ATIVO,D4_UNIVERSO_2025_GATE|VIGENCIAS_D4_2025
5273,022608,ACAO,ON,BRL,2020-09-02,,ATIVO,D4_UNIVERSO_2025_GATE|VIGENCIAS_D4_2025
5274,022616,ACAO,ON,BRL,2024-01-02,,ATIVO,D4_UNIVERSO_2025_GATE|VIGENCIAS_D4_2025
5275,022616,ACAO,PNA,BRL,2024-01-02,,ATIVO,D4_UNIVERSO_2025_GATE|VIGENCIAS_D4_2025
5276,022616,UNIT,UNIT,BRL,2024-01-02,,ATIVO,D4_UNIVERSO_2025_GATE|VIGENCIAS_D4_2025
5277,022675,ACAO,ON,BRL,2020-09-24,,ATIVO,D4_UNIVERSO_2025_GATE|VIGENCIAS_D4_2025
5278,022780,ACAO,ON,BRL,2012-04-27,,ATIVO,D4_UNIVERSO_2025_GATE|VIGENCIAS_D4_2025
5279,023159,ACAO,ON,BRL,2013-04-29,,ATIVO,D4_UNIVERSO_2025_GATE|VIGENCIAS_D4_2025
5280,023221,ACAO,ON,BRL,2013-10-29,,ATIVO,D4_UNIVERSO_2025_GATE|VIGENCIAS_D4_2025
5281,023248,ACAO,ON,BRL,2013-10-28,,ATIVO,D4_UNIVERSO_2025_GATE|VIGENCIAS_D4_2025
5282,023264,ACAO,ON,BRL,2013-11-11,,ATIVO,D4_UNIVERSO_2025_GATE|VIGENCIAS_D4_2025
5283,023272,ACAO,ON,BRL,2018-12-21,,ATIVO,D4_UNIVERSO_2025_GATE|VIGENCIAS_D4_2025
5284,023310,ACAO,ON,BRL,2013-12-09,,ATIVO,D4_UNIVERSO_2025_GATE|VIGENCIAS_D4_2025
5285,023507,ACAO,ON,BRL,2014-10-21,,ATIVO,D4_UNIVERSO_2025_GATE|VIGENCIAS_D4_2025
5286,023574,ACAO,ON,BRL,2015-03-23,,ATIVO,D4_UNIVERSO_2025_GATE|VIGENCIAS_D4_2025
5287,023590,ACAO,ON,BRL,2015-06-05,,ATIVO,D4_UNIVERSO_2025_GATE|VIGENCIAS_D4_2025
5288,023795,ACAO,ON,BRL,2021-04-29,,ATIVO,D4_UNIVERSO_2025_GATE|VIGENCIAS_D4_2025
5289,023825,ACAO,ON,BRL,2017-02-08,,ATIVO,D4_UNIVERSO_2025_GATE|VIGENCIAS_D4_2025
5290,024058,ACAO,ON,BRL,2016-10-28,,ATIVO,D4_UNIVERSO_2025_GATE|VIGENCIAS_D4_2025
5291,024112,ACAO,PN,BRL,2017-04-11,,ATIVO,D4_UNIVERSO_2025_GATE|VIGENCIAS_D4_2025
5292,024171,ACAO,ON,BRL,2017-07-20,,ATIVO,D4_UNIVERSO_2025_GATE|VIGENCIAS_D4_2025
5293,024180,ACAO,ON,BRL,2017-07-31,,ATIVO,D4_UNIVERSO_2025_GATE|VIGENCIAS_D4_2025
5294,024228,ACAO,ON,BRL,2017-09-28,,ATIVO,D4_UNIVERSO_2025_GATE|VIGENCIAS_D4_2025
5295,024236,ACAO,ON,BRL,2017-11-24,,ATIVO,D4_UNIVERSO_2025_GATE|VIGENCIAS_D4_2025
5296,024260,ACAO,ON,BRL,2018-02-26,,ATIVO,D4_UNIVERSO_2025_GATE|VIGENCIAS_D4_2025
5297,024295,ACAO,ON,BRL,2017-12-15,,ATIVO,D4_UNIVERSO_2025_GATE|VIGENCIAS_D4_2025
5298,024317,ACAO,ON,BRL,2017-12-18,,ATIVO,D4_UNIVERSO_2025_GATE|VIGENCIAS_D4_2025
5299,024392,ACAO,ON,BRL,2018-04-25,,ATIVO,D4_UNIVERSO_2025_GATE|VIGENCIAS_D4_2025
5300,024600,ACAO,PN,BRL,2019-11-29,,ATIVO,D4_UNIVERSO_2025_GATE|VIGENCIAS_D4_2025
5301,024627,ACAO,ON,BRL,2021-04-19,,ATIVO,D4_UNIVERSO_2025_GATE|VIGENCIAS_D4_2025
5302,024694,ACAO,ON,BRL,2019-04-17,,ATIVO,D4_UNIVERSO_2025_GATE|VIGENCIAS_D4_2025
5303,024716,ACAO,ON,BRL,2021-01-29,,ATIVO,D4_UNIVERSO_2025_GATE|VIGENCIAS_D4_2025
5304,024805,ACAO,ON,BRL,2019-10-10,,ATIVO,D4_UNIVERSO_2025_GATE|VIGENCIAS_D4_2025
5305,024821,ACAO,ON,BRL,2020-12-10,,ATIVO,D4_UNIVERSO_2025_GATE|VIGENCIAS_D4_2025
5306,024848,ACAO,ON,BRL,2019-01-01,,ATIVO,D4_UNIVERSO_2025_GATE|VIGENCIAS_D4_2025
5307,024902,ACAO,ON,BRL,2020-02-05,,ATIVO,D4_UNIVERSO_2025_GATE|VIGENCIAS_D4_2025
5308,024910,ACAO,ON,BRL,2020-02-06,,ATIVO,D4_UNIVERSO_2025_GATE|VIGENCIAS_D4_2025
5309,024929,ACAO,ON,BRL,2020-10-13,,ATIVO,D4_UNIVERSO_2025_GATE|VIGENCIAS_D4_2025
5310,024953,ACAO,ON,BRL,2020-05-15,,ATIVO,D4_UNIVERSO_2025_GATE|VIGENCIAS_D4_2025
5311,024961,ACAO,ON,BRL,2020-07-13,,ATIVO,D4_UNIVERSO_2025_GATE|VIGENCIAS_D4_2025
5312,025003,ACAO,ON,BRL,2020-09-18,,ATIVO,D4_UNIVERSO_2025_GATE|VIGENCIAS_D4_2025
5313,025038,ACAO,ON,BRL,2020-08-10,,ATIVO,D4_UNIVERSO_2025_GATE|VIGENCIAS_D4_2025
5314,025046,ACAO,ON,BRL,2020-08-10,,ATIVO,D4_UNIVERSO_2025_GATE|VIGENCIAS_D4_2025
5315,025062,ACAO,ON,BRL,2020-09-02,,ATIVO,D4_UNIVERSO_2025_GATE|VIGENCIAS_D4_2025
5316,025070,ACAO,ON,BRL,2020-09-17,,ATIVO,D4_UNIVERSO_2025_GATE|VIGENCIAS_D4_2025
5317,025089,ACAO,ON,BRL,2020-09-11,,ATIVO,D4_UNIVERSO_2025_GATE|VIGENCIAS_D4_2025
5318,025100,ACAO,ON,BRL,2020-09-21,,ATIVO,D4_UNIVERSO_2025_GATE|VIGENCIAS_D4_2025
5319,025119,ACAO,ON,BRL,2020-09-28,,ATIVO,D4_UNIVERSO_2025_GATE|VIGENCIAS_D4_2025
5320,025160,ACAO,ON,BRL,2020-10-05,,ATIVO,D4_UNIVERSO_2025_GATE|VIGENCIAS_D4_2025
5321,025186,ACAO,ON,BRL,2020-10-13,,ATIVO,D4_UNIVERSO_2025_GATE|VIGENCIAS_D4_2025
5322,025208,ACAO,PN,BRL,2020-10-26,,ATIVO,D4_UNIVERSO_2025_GATE|VIGENCIAS_D4_2025
5323,025232,ACAO,ON,BRL,2020-11-05,,ATIVO,D4_UNIVERSO_2025_GATE|VIGENCIAS_D4_2025
5324,025259,ACAO,ON,BRL,2020-11-09,,ATIVO,D4_UNIVERSO_2025_GATE|VIGENCIAS_D4_2025
5325,025275,ACAO,ON,BRL,2020-12-11,,ATIVO,D4_UNIVERSO_2025_GATE|VIGENCIAS_D4_2025
5326,025283,ACAO,ON,BRL,2020-11-11,,ATIVO,D4_UNIVERSO_2025_GATE|VIGENCIAS_D4_2025
5327,025291,ACAO,ON,BRL,2020-11-12,,ATIVO,D4_UNIVERSO_2025_GATE|VIGENCIAS_D4_2025
5328,025330,ACAO,ON,BRL,2021-04-14,,ATIVO,D4_UNIVERSO_2025_GATE|VIGENCIAS_D4_2025
5329,025399,ACAO,ON,BRL,2020-12-17,,ATIVO,D4_UNIVERSO_2025_GATE|VIGENCIAS_D4_2025
5330,025402,ACAO,ON,BRL,2021-01-26,,ATIVO,D4_UNIVERSO_2025_GATE|VIGENCIAS_D4_2025
5331,025445,ACAO,ON,BRL,2021-02-01,,ATIVO,D4_UNIVERSO_2025_GATE|VIGENCIAS_D4_2025
5332,025453,ACAO,ON,BRL,2021-02-04,,ATIVO,D4_UNIVERSO_2025_GATE|VIGENCIAS_D4_2025
5333,025461,ACAO,ON,BRL,2021-02-05,,ATIVO,D4_UNIVERSO_2025_GATE|VIGENCIAS_D4_2025
5334,025496,ACAO,ON,BRL,2021-02-08,,ATIVO,D4_UNIVERSO_2025_GATE|VIGENCIAS_D4_2025
5335,025500,ACAO,ON,BRL,2021-02-10,,ATIVO,D4_UNIVERSO_2025_GATE|VIGENCIAS_D4_2025
5336,025526,ACAO,ON,BRL,2021-02-10,,ATIVO,D4_UNIVERSO_2025_GATE|VIGENCIAS_D4_2025
5337,025534,ACAO,ON,BRL,2021-02-12,,ATIVO,D4_UNIVERSO_2025_GATE|VIGENCIAS_D4_2025
5338,025550,ACAO,ON,BRL,2021-02-17,,ATIVO,D4_UNIVERSO_2025_GATE|VIGENCIAS_D4_2025
5339,025569,ACAO,ON,BRL,2021-02-17,,ATIVO,D4_UNIVERSO_2025_GATE|VIGENCIAS_D4_2025
5340,025585,ACAO,ON,BRL,2024-01-02,,ATIVO,D4_UNIVERSO_2025_GATE|VIGENCIAS_D4_2025
5341,025658,ACAO,ON,BRL,2021-07-26,,ATIVO,D4_UNIVERSO_2025_GATE|VIGENCIAS_D4_2025
5342,025682,ACAO,ON,BRL,2021-08-06,,ATIVO,D4_UNIVERSO_2025_GATE|VIGENCIAS_D4_2025
5343,025690,ACAO,ON,BRL,2021-04-14,,ATIVO,D4_UNIVERSO_2025_GATE|VIGENCIAS_D4_2025
5344,025704,ACAO,ON,BRL,2021-04-29,,ATIVO,D4_UNIVERSO_2025_GATE|VIGENCIAS_D4_2025
5345,025712,ACAO,ON,BRL,2021-04-26,,ATIVO,D4_UNIVERSO_2025_GATE|VIGENCIAS_D4_2025
5346,025720,ACAO,ON,BRL,2025-11-04,,ATIVO,D4_UNIVERSO_2025_GATE|VIGENCIAS_D4_2025
5347,025747,ACAO,ON,BRL,2021-05-04,,ATIVO,D4_UNIVERSO_2025_GATE|VIGENCIAS_D4_2025
5348,025763,ACAO,ON,BRL,2021-09-02,,ATIVO,D4_UNIVERSO_2025_GATE|VIGENCIAS_D4_2025
5349,025780,ACAO,ON,BRL,2021-05-05,,ATIVO,D4_UNIVERSO_2025_GATE|VIGENCIAS_D4_2025
5350,025836,ACAO,ON,BRL,2021-05-31,,ATIVO,D4_UNIVERSO_2025_GATE|VIGENCIAS_D4_2025
5351,025860,UNIT,UNIT,BRL,2021-06-21,,ATIVO,D4_UNIVERSO_2025_GATE|VIGENCIAS_D4_2025
5352,025879,ACAO,ON,BRL,2021-08-13,,ATIVO,D4_UNIVERSO_2025_GATE|VIGENCIAS_D4_2025
5353,025887,ACAO,ON,BRL,2021-05-17,,ATIVO,D4_UNIVERSO_2025_GATE|VIGENCIAS_D4_2025
5354,025895,ACAO,ON,BRL,2024-01-02,,ATIVO,D4_UNIVERSO_2025_GATE|VIGENCIAS_D4_2025
5355,025950,ACAO,ON,BRL,2021-07-12,,ATIVO,D4_UNIVERSO_2025_GATE|VIGENCIAS_D4_2025
5356,025984,ACAO,ON,BRL,2021-07-15,,ATIVO,D4_UNIVERSO_2025_GATE|VIGENCIAS_D4_2025
5357,026000,ACAO,ON,BRL,2021-08-02,,ATIVO,D4_UNIVERSO_2025_GATE|VIGENCIAS_D4_2025
5358,026026,ACAO,ON,BRL,2021-07-21,,ATIVO,D4_UNIVERSO_2025_GATE|VIGENCIAS_D4_2025
5359,026034,ACAO,ON,BRL,2021-07-21,,ATIVO,D4_UNIVERSO_2025_GATE|VIGENCIAS_D4_2025
5360,026050,ACAO,ON,BRL,2021-07-27,,ATIVO,D4_UNIVERSO_2025_GATE|VIGENCIAS_D4_2025
5361,026069,ACAO,ON,BRL,2021-07-28,,ATIVO,D4_UNIVERSO_2025_GATE|VIGENCIAS_D4_2025
5362,026077,ACAO,ON,BRL,2021-07-26,,ATIVO,D4_UNIVERSO_2025_GATE|VIGENCIAS_D4_2025
5363,026093,ACAO,ON,BRL,2021-07-30,,ATIVO,D4_UNIVERSO_2025_GATE|VIGENCIAS_D4_2025
5364,026123,ACAO,ON,BRL,2021-08-06,,ATIVO,D4_UNIVERSO_2025_GATE|VIGENCIAS_D4_2025
5365,026247,ACAO,ON,BRL,2021-10-25,,ATIVO,D4_UNIVERSO_2025_GATE|VIGENCIAS_D4_2025
5366,026441,ACAO,ON,BRL,2021-12-27,,ATIVO,D4_UNIVERSO_2025_GATE|VIGENCIAS_D4_2025
5367,026620,ACAO,ON,BRL,2022-03-28,,ATIVO,D4_UNIVERSO_2025_GATE|VIGENCIAS_D4_2025
5368,027057,ACAO,ON,BRL,2024-06-10,,ATIVO,D4_UNIVERSO_2025_GATE|VIGENCIAS_D4_2025
5369,027626,ACAO,ON,BRL,2025-02-14,,ATIVO,D4_UNIVERSO_2025_GATE|VIGENCIAS_D4_2025
5370,027634,ACAO,ON,BRL,2025-02-28,,ATIVO,D4_UNIVERSO_2025_GATE|VIGENCIAS_D4_2025
5371,027650,ACAO,ON,BRL,2025-04-22,,ATIVO,D4_UNIVERSO_2025_GATE|VIGENCIAS_D4_2025
5372,027677,ACAO,ON,BRL,2024-07-26,,ATIVO,D4_UNIVERSO_2025_GATE|VIGENCIAS_D4_2025
5373,027693,ACAO,ON,BRL,2024-12-05,,ATIVO,D4_UNIVERSO_2025_GATE|VIGENCIAS_D4_2025
5374,027707,ACAO,ON,BRL,2024-12-16,,ATIVO,D4_UNIVERSO_2025_GATE|VIGENCIAS_D4_2025
5375,027910,ACAO,ON,BRL,2025-10-07,,ATIVO,D4_UNIVERSO_2025_GATE|VIGENCIAS_D4_2025
