INSTRUMENTO_ID,BOLSA,TICKER,DT_INICIO,DT_FIM,STATUS,FONTE
1001,B3,PETR3,2010-01-01,,VIGENTE,B3_COTAHIST_FIXTURE
1002,B3,PETR4,2010-01-01,,VIGENTE,B3_COTAHIST_FIXTURE
2001,B3,TAEE11,2010-01-01,,VIGENTE,B3_COTAHIST_FIXTURE
3001,B3,ELET3,2010-01-01,2025-11-10,ENCERRADO,B3_COTAHIST_FIXTURE
3001,B3,AXIA3,2025-11-10,,VIGENTE,B3_COTAHIST_FIXTURE
4001,B3,MGLU3,2010-01-01,,VIGENTE,B3_COTAHIST_FIXTURE
5001,B3,NATU3,2010-01-01,2019-12-18,ENCERRADO,B3_COTAHIST_FIXTURE
5002,B3,NTCO3,2019-12-18,2025-07-02,ENCERRADO,B3_COTAHIST_FIXTURE
5003,B3,NATU3,2025-07-02,,VIGENTE,B3_COTAHIST_FIXTURE
